[
  {
    "Symbol": "AAPL",
    "BuySellIndicator": "B",
    "Quantity": 50,
    "Price": 100,
    "PacketSequence": 1
  },
  {
    "Symbol": "AAPL",
    "BuySellIndicator": "B",
    "Quantity": 30,
    "Price": 98,
    "PacketSequence": 2
  },
  {
    "Symbol": "AAPL",
    "BuySellIndicator": "S",
    "Quantity": 20,
    "Price": 101,
    "PacketSequence": 3
  },
  {
    "Symbol": "AAPL",
    "BuySellIndicator": "S",
    "Quantity": 10,
    "Price": 102,
    "PacketSequence": 4
  },
  {
    "Symbol": "META",
    "BuySellIndicator": "B",
    "Quantity": 40,
    "Price": 50,
    "PacketSequence": 5
  },
  {
    "Symbol": "META",
    "BuySellIndicator": "S",
    "Quantity": 30,
    "Price": 55,
    "PacketSequence": 6
  },
  {
    "Symbol": "META",
    "BuySellIndicator": "S",
    "Quantity": 20,
    "Price": 57,
    "PacketSequence": 7
  },
  {
    "Symbol": "MSFT",
    "BuySellIndicator": "B",
    "Quantity": 25,
    "Price": 150,
    "PacketSequence": 8
  },
  {
    "Symbol": "MSFT",
    "BuySellIndicator": "S",
    "Quantity": 15,
    "Price": 155,
    "PacketSequence": 9
  },
  {
    "Symbol": "MSFT",
    "BuySellIndicator": "B",
    "Quantity": 20,
    "Price": 148,
    "PacketSequence": 10
  },
  {
    "Symbol": "AMZN",
    "BuySellIndicator": "B",
    "Quantity": 10,
    "Price": 3000,
    "PacketSequence": 11
  },
  {
    "Symbol": "AMZN",
    "BuySellIndicator": "B",
    "Quantity": 5,
    "Price": 2999,
    "PacketSequence": 12
  },
  {
    "Symbol": "AMZN",
    "BuySellIndicator": "S",
    "Quantity": 15,
    "Price": 3020,
    "PacketSequence": 13
  },
  {
    "Symbol": "AMZN",
    "BuySellIndicator": "S",
    "Quantity": 10,
    "Price": 3015,
    "PacketSequence": 14
  }
]